init,lead_h,var,unit,impl_rms,member_pair_rms,ratio,rmse_old,rmse_new
09-22 00Z,6,MSLP,hPa,0.0016987691633403301,0.315995743829337,186.01452784084393,0.20202787220478058,0.20203401148319244
09-22 00Z,6,10 m wind,m/s,0.005855920724570751,0.8181734207879109,139.71729797416006,0.605475664138794,0.6054799556732178
09-22 00Z,6,Z500,m,0.01206364668905735,2.403801840683784,199.25996696042301,,
09-22 00Z,6,T2m,K,0.003546516876667738,0.5749940284875723,162.12922382250986,,
09-22 00Z,12,MSLP,hPa,0.003894237568601966,0.4265057921492654,109.52228379389325,0.3051353991031647,0.30518871545791626
09-22 00Z,12,10 m wind,m/s,0.013421602547168732,1.0349259804286457,77.10897240411592,0.770224928855896,0.7702810764312744
09-22 00Z,12,Z500,m,0.031643643975257874,3.187423527943555,100.72871286365748,,
09-22 00Z,12,T2m,K,0.008186197839677334,0.702464010795133,85.81077864871406,,
09-22 00Z,18,MSLP,hPa,0.006618895102292299,0.5323535982337673,80.42937529700373,0.3157626986503601,0.3158625066280365
09-22 00Z,18,10 m wind,m/s,0.02347649075090885,1.1157031129980788,47.52427118839668,0.8878882527351379,0.8879863619804382
09-22 00Z,18,Z500,m,0.05067295581102371,3.931126923454294,77.5784017438172,,
09-22 00Z,18,T2m,K,0.018291005864739418,0.9327807328389773,50.99668874072969,,
09-22 00Z,24,MSLP,hPa,0.01117455493658781,0.5656339299297275,50.61802757599989,0.4238623380661011,0.423907995223999
09-22 00Z,24,10 m wind,m/s,0.03917974978685379,1.2011685767021667,30.657892999235074,0.935284435749054,0.9357078075408936
09-22 00Z,24,Z500,m,0.08049653470516205,4.303065443717596,53.45653026529167,,
09-22 00Z,24,T2m,K,0.027053965255618095,0.8708622076357437,32.1898176258986,,
09-22 00Z,30,MSLP,hPa,0.01377726998180151,0.5370374196556313,38.979959045950885,0.41922733187675476,0.4193287193775177
09-22 00Z,30,10 m wind,m/s,0.0483524389564991,1.125345384706704,23.27380808482351,0.8846862316131592,0.8845697045326233
09-22 00Z,30,Z500,m,0.09656801074743271,4.4764117227202345,46.35501640836317,,
09-22 00Z,30,T2m,K,0.03077465109527111,0.8074538756313471,26.23762892166215,,
09-22 00Z,36,MSLP,hPa,0.019515767693519592,0.6462166390869798,33.11254003610437,0.38983502984046936,0.39069634675979614
09-22 00Z,36,10 m wind,m/s,0.08172222226858139,1.182579877753831,14.470725892245849,0.8836559057235718,0.8827241659164429
09-22 00Z,36,Z500,m,0.13525916635990143,5.2409794941178065,38.747684428073875,,
09-22 00Z,36,T2m,K,0.04450392350554466,0.8505393344585788,19.111558430406966,,
09-22 00Z,42,MSLP,hPa,0.030228404328227043,0.6846258629250792,22.648428792047785,0.3651569187641144,0.3651997447013855
09-22 00Z,42,10 m wind,m/s,0.12771672010421753,1.284434312088774,10.056900232331904,0.9731274843215942,0.9718805551528931
09-22 00Z,42,Z500,m,0.18572799861431122,5.513612284269316,29.686489519111557,,
09-22 00Z,42,T2m,K,0.08378168195486069,1.0024672593975568,11.965231969652496,,
09-22 00Z,48,MSLP,hPa,0.03942257538437843,0.7161308429212151,18.165501262634116,0.4837629795074463,0.4853178560733795
09-22 00Z,48,10 m wind,m/s,0.1722615361213684,1.370247740174168,7.954461402275825,1.0617891550064087,1.06101655960083
09-22 00Z,48,Z500,m,0.2574477195739746,6.643555805854861,25.805456023648766,,
09-22 00Z,48,T2m,K,0.09556647390127182,0.9901321412438734,10.360664162065484,,
09-22 00Z,54,MSLP,hPa,0.04911762475967407,0.8165457937921171,16.624293169455278,0.493596613407135,0.4972113072872162
09-22 00Z,54,10 m wind,m/s,0.1970219612121582,1.356076958180441,6.8828720911989265,1.0784257650375366,1.0806612968444824
09-22 00Z,54,Z500,m,0.34396862983703613,7.581908520654373,22.042441847811805,,
09-22 00Z,54,T2m,K,0.1051245927810669,0.9083696153562556,8.640885936633605,,
09-22 00Z,60,MSLP,hPa,0.0665232464671135,1.015080125282927,15.259028673303595,0.5960612297058105,0.5979880690574646
09-22 00Z,60,10 m wind,m/s,0.2631186544895172,1.4629550439767918,5.560058243742184,1.1886217594146729,1.1898401975631714
09-22 00Z,60,Z500,m,0.4627106189727783,8.543841891433548,18.46476294492863,,
09-22 00Z,60,T2m,K,0.1329454928636551,0.9447941862448256,7.106628181925491,,
09-22 00Z,66,MSLP,hPa,0.09655220806598663,1.238384243937286,12.826058240852841,0.7283607125282288,0.728664755821228
09-22 00Z,66,10 m wind,m/s,0.34350183606147766,1.6010576224924382,4.660987087725178,1.2077606916427612,1.2062336206436157
09-22 00Z,66,Z500,m,0.5937770009040833,10.808189082701455,18.202438063860566,,
09-22 00Z,66,T2m,K,0.20880883932113647,1.2374683929191443,5.926321878625005,,
09-22 00Z,72,MSLP,hPa,0.12188877165317535,1.4512222042883292,11.906118870552445,0.8901214003562927,0.89231276512146
09-22 00Z,72,10 m wind,m/s,0.4012943208217621,1.6615346411829022,4.14043896205769,1.244850754737854,1.2480213642120361
09-22 00Z,72,Z500,m,0.7630293965339661,13.039251727588551,17.088793415848574,,
09-22 00Z,72,T2m,K,0.21754586696624756,1.1684583232791648,5.371089506657702,,
09-22 00Z,78,MSLP,hPa,0.15322981774806976,1.6287904174000005,10.629722343453732,0.9764133095741272,0.9775955677032471
09-22 00Z,78,10 m wind,m/s,0.42562809586524963,1.652623785883335,3.8827882885027925,1.2809596061706543,1.2800004482269287
09-22 00Z,78,Z500,m,0.9753243923187256,14.945466694640963,15.323585478170779,,
09-22 00Z,78,T2m,K,0.20814964175224304,1.126749380524299,5.413169924478897,,
09-22 00Z,84,MSLP,hPa,0.1873059719800949,1.7493814861215526,9.33969946408041,1.2660945653915405,1.2708228826522827
09-22 00Z,84,10 m wind,m/s,0.4641515612602234,1.736418127043966,3.7410584644580247,1.3929983377456665,1.3948639631271362
09-22 00Z,84,Z500,m,1.1562576293945312,15.184939018733678,13.132833576791358,,
09-22 00Z,84,T2m,K,0.22569617629051208,1.1091904133787813,4.914529043465279,,
09-22 00Z,90,MSLP,hPa,0.204353928565979,1.8151830004780949,8.882545166691196,1.39487624168396,1.404363751411438
09-22 00Z,90,10 m wind,m/s,0.4774550199508667,1.8415659161215503,3.857045876931108,1.4124293327331543,1.417090892791748
09-22 00Z,90,Z500,m,1.2464797496795654,15.766716582489078,12.648995369994783,,
09-22 00Z,90,T2m,K,0.2872409224510193,1.297720010263772,4.517879970550021,,
09-22 00Z,96,MSLP,hPa,0.22552242875099182,1.9489849145716898,8.642089061233198,1.5792012214660645,1.597210168838501
09-22 00Z,96,10 m wind,m/s,0.5377546548843384,1.9392339882876033,3.6061686694366197,1.4568389654159546,1.4622844457626343
09-22 00Z,96,Z500,m,1.623855471611023,17.64088241158423,10.863579130033509,,
09-22 00Z,96,T2m,K,0.31933972239494324,1.3017641689657864,4.076424189270855,,
09-22 00Z,102,MSLP,hPa,0.25414523482322693,2.2093932641937055,8.69342785722687,1.8163920640945435,1.8507405519485474
09-22 00Z,102,10 m wind,m/s,0.5761856436729431,1.9352018835842633,3.35864300826407,1.5357123613357544,1.546680212020874
09-22 00Z,102,Z500,m,2.0003252029418945,19.9845991992687,9.990675101167144,,
09-22 00Z,102,T2m,K,0.3318575322628021,1.3304172824574327,4.009001312659249,,
09-22 00Z,108,MSLP,hPa,0.28986528515815735,2.420821918224241,8.351541361372004,2.153810739517212,2.1915085315704346
09-22 00Z,108,10 m wind,m/s,0.6130144000053406,1.998270090521177,3.2597441275502956,1.6619292497634888,1.6725289821624756
09-22 00Z,108,Z500,m,2.3223581314086914,21.355754192503912,9.195719602277698,,
09-22 00Z,108,T2m,K,0.3268427550792694,1.3208057779482203,4.04110465177019,,
09-22 00Z,114,MSLP,hPa,0.3104042112827301,2.483553118960462,8.001029073340536,2.2041983604431152,2.2205698490142822
09-22 00Z,114,10 m wind,m/s,0.662433385848999,2.1032600817979366,3.1750514492899855,1.7956691980361938,1.7980595827102661
09-22 00Z,114,Z500,m,2.5289559364318848,22.5071561919529,8.899781869552204,,
09-22 00Z,114,T2m,K,0.44090506434440613,1.5335019563008725,3.47807743733014,,
09-22 00Z,120,MSLP,hPa,0.31670552492141724,2.4378957751433985,7.6976736536197246,2.242805242538452,2.256869077682495
09-22 00Z,120,10 m wind,m/s,0.7184628248214722,2.1665961741039856,3.0155995540094285,1.8723982572555542,1.8864809274673462
09-22 00Z,120,Z500,m,2.600130796432495,24.349762460883095,9.364822144444481,,
09-22 00Z,120,T2m,K,0.42738255858421326,1.4290543106707512,3.3437356812237913,,
09-22 00Z,126,MSLP,hPa,0.33390897512435913,2.542618386813205,7.614705132937043,2.2197437286376953,2.225853681564331
09-22 00Z,126,10 m wind,m/s,0.7466235756874084,2.136575479671858,2.861650166490839,1.8366725444793701,1.8488428592681885
09-22 00Z,126,Z500,m,2.879653215408325,27.065788998272552,9.398975145149453,,
09-22 00Z,126,T2m,K,0.42904093861579895,1.3875973217762834,3.2341839598175506,,
09-22 00Z,132,MSLP,hPa,0.3599410951137543,2.6480145051222155,7.356799601571885,2.103576898574829,2.1298906803131104
09-22 00Z,132,10 m wind,m/s,0.7910570502281189,2.128338973948465,2.6904999751088887,1.9150718450546265,1.9205548763275146
09-22 00Z,132,Z500,m,3.2505784034729004,28.895714797772364,8.889407118099456,,
09-22 00Z,132,T2m,K,0.4489768147468567,1.4890068539783456,3.3164448699157916,,
09-22 00Z,138,MSLP,hPa,0.35918930172920227,2.7420842479498027,7.634092203606603,1.9055365324020386,1.9229307174682617
09-22 00Z,138,10 m wind,m/s,0.8401668071746826,2.166981396299375,2.5792275745652358,1.8792715072631836,1.8780882358551025
09-22 00Z,138,Z500,m,3.4803898334503174,29.145510065177156,8.374208482353678,,
09-22 00Z,138,T2m,K,0.5937897562980652,1.6660108050821532,2.8057250692042324,,
09-22 00Z,144,MSLP,hPa,0.3379300832748413,2.564910192165405,7.590061729068799,1.8750609159469604,1.8955018520355225
09-22 00Z,144,10 m wind,m/s,0.8747872114181519,2.141408037322117,2.4479187731272347,1.7469583749771118,1.7568304538726807
09-22 00Z,144,Z500,m,3.5334722995758057,28.63811325967378,8.104807631606958,,
09-22 00Z,144,T2m,K,0.5636051893234253,1.504182079665784,2.6688577539029863,,
09-22 00Z,150,MSLP,hPa,0.36210447549819946,2.6343415617030996,7.275086998244513,2.1827754974365234,2.211226224899292
09-22 00Z,150,10 m wind,m/s,0.8577857613563538,2.099675408038388,2.4477853359541957,1.6871596574783325,1.7097258567810059
09-22 00Z,150,Z500,m,3.6803181171417236,28.886581407112658,7.848936012506193,,
09-22 00Z,150,T2m,K,0.546473503112793,1.4747141832987252,2.698601441604282,,
09-23 00Z,6,MSLP,hPa,0.001659826491959393,0.2761886776135252,166.39611366094647,0.21335355937480927,0.21332961320877075
09-23 00Z,6,10 m wind,m/s,0.005600926000624895,0.7774100004325384,138.8002627325915,0.5963051915168762,0.5963636040687561
09-23 00Z,6,Z500,m,0.012290744110941887,2.1061076914707266,171.35721584145222,,
09-23 00Z,6,T2m,K,0.0031369365751743317,0.555248609281855,177.0034541584564,,
09-23 00Z,12,MSLP,hPa,0.003753908909857273,0.39181467899309996,104.3751162859189,0.2317838966846466,0.23170888423919678
09-23 00Z,12,10 m wind,m/s,0.01487260963767767,0.9624398073108815,64.71223482344855,0.7462307214736938,0.746268630027771
09-23 00Z,12,Z500,m,0.03197053447365761,3.086842265608429,96.55272632842153,,
09-23 00Z,12,T2m,K,0.008647616021335125,0.6791670873996453,78.53807173260535,,
09-23 00Z,18,MSLP,hPa,0.006157184951007366,0.4447842059988639,72.23824028967874,0.2893346846103668,0.2892695665359497
09-23 00Z,18,10 m wind,m/s,0.024546276777982712,1.067549074168927,43.491283171975276,0.8704023361206055,0.8704225420951843
09-23 00Z,18,Z500,m,0.050810329616069794,3.5999100138726416,70.84996379818992,,
09-23 00Z,18,T2m,K,0.016550898551940918,0.857372687301347,51.80218370686607,,
09-23 00Z,24,MSLP,hPa,0.008929257281124592,0.511656503188674,57.301126743234974,0.35868769884109497,0.35896286368370056
09-23 00Z,24,10 m wind,m/s,0.04011436179280281,1.1757772078167785,29.3106297911421,0.9379004836082458,0.937943160533905
09-23 00Z,24,Z500,m,0.07251762598752975,4.2422640628809924,58.4997647828474,,
09-23 00Z,24,T2m,K,0.023506350815296173,0.87557540541102,37.24846158771957,,
09-23 00Z,30,MSLP,hPa,0.013441854156553745,0.5462357164620429,40.63693223421256,0.3444702625274658,0.3447794020175934
09-23 00Z,30,10 m wind,m/s,0.0589045025408268,1.1953722049201605,20.293392751965715,0.967766284942627,0.9677750468254089
09-23 00Z,30,Z500,m,0.10074523836374283,4.4543304830231945,44.21380658151544,,
09-23 00Z,30,T2m,K,0.031353745609521866,0.8297268834891112,26.463405483430666,,
09-23 00Z,36,MSLP,hPa,0.019079165533185005,0.6382732646949801,33.4539402986368,0.43279320001602173,0.43277591466903687
09-23 00Z,36,10 m wind,m/s,0.08348093926906586,1.3065773390657305,15.651205538722143,1.0380465984344482,1.038670301437378
09-23 00Z,36,Z500,m,0.14072950184345245,5.220922314673654,37.09898952446666,,
09-23 00Z,36,T2m,K,0.04326094314455986,0.8392632823142772,19.400022775967056,,
09-23 00Z,42,MSLP,hPa,0.029693257063627243,0.7891516066654913,26.57679502704884,0.5545010566711426,0.5558620691299438
09-23 00Z,42,10 m wind,m/s,0.11768358945846558,1.3350861417480755,11.344709554591478,1.0577958822250366,1.059614658355713
09-23 00Z,42,Z500,m,0.1923689991235733,6.325943898972525,32.88442486987671,,
09-23 00Z,42,T2m,K,0.06676097214221954,1.0945739706089004,16.395416895325486,,
09-23 00Z,48,MSLP,hPa,0.0407043918967247,0.8350113396491041,20.514035482158715,0.7158170938491821,0.7154921293258667
09-23 00Z,48,10 m wind,m/s,0.1666354238986969,1.423324530909392,8.541548355136525,1.1158342361450195,1.1144548654556274
09-23 00Z,48,Z500,m,0.2588484585285187,6.980980103285198,26.96937097083801,,
09-23 00Z,48,T2m,K,0.08419514447450638,1.0339893088673395,12.280866258034907,,
09-23 00Z,54,MSLP,hPa,0.05814320221543312,0.9460086898315154,16.27032316394183,0.8560553789138794,0.8556563258171082
09-23 00Z,54,10 m wind,m/s,0.2178804576396942,1.4297635578374925,6.562146845688529,1.1542361974716187,1.1593798398971558
09-23 00Z,54,Z500,m,0.37126174569129944,8.053007111521014,21.69091538511757,,
09-23 00Z,54,T2m,K,0.09612909704446793,0.9815511271807524,10.210759877695523,,
09-23 00Z,60,MSLP,hPa,0.0829661414027214,1.0875770879939097,13.108685900128359,1.0702444314956665,1.0692594051361084
09-23 00Z,60,10 m wind,m/s,0.27112048864364624,1.4434779737555434,5.324119844195226,1.2418094873428345,1.2421836853027344
09-23 00Z,60,Z500,m,0.5247951149940491,8.927097009109419,17.01063282422255,,
09-23 00Z,60,T2m,K,0.11079397052526474,0.9809528948129888,8.853847282143379,,
09-23 00Z,66,MSLP,hPa,0.11149269342422485,1.2179211060482769,10.923775080167271,1.0853923559188843,1.0810115337371826
09-23 00Z,66,10 m wind,m/s,0.3068455457687378,1.497759405714906,4.8811508798753485,1.2153992652893066,1.2077984809875488
09-23 00Z,66,Z500,m,0.707874596118927,9.890769527445547,13.972488321623342,,
09-23 00Z,66,T2m,K,0.1519802212715149,1.189439277348979,7.82627678389827,,
09-23 00Z,72,MSLP,hPa,0.13704335689544678,1.3504148662577906,9.853924311618039,1.1493585109710693,1.1505539417266846
09-23 00Z,72,10 m wind,m/s,0.3517349064350128,1.5939880787106149,4.531788143708515,1.2519234418869019,1.257453441619873
09-23 00Z,72,Z500,m,0.8653541207313538,11.29833804909502,13.056317383161282,,
09-23 00Z,72,T2m,K,0.1816176176071167,1.157897250273002,6.375467675045804,,
09-23 00Z,78,MSLP,hPa,0.16249588131904602,1.5067383703216668,9.272471142596665,1.3698405027389526,1.3656209707260132
09-23 00Z,78,10 m wind,m/s,0.4053785502910614,1.642248074716923,4.051146942870536,1.359401822090149,1.3640633821487427
09-23 00Z,78,Z500,m,1.0889215469360352,13.269447698911414,12.185861999194033,,
09-23 00Z,78,T2m,K,0.21420207619667053,1.1605119564609208,5.417837105348092,,
09-23 00Z,84,MSLP,hPa,0.19365140795707703,1.68205442443631,8.685991195112502,1.687096357345581,1.6840826272964478
09-23 00Z,84,10 m wind,m/s,0.469870001077652,1.7266965349664432,3.674838851184893,1.4536131620407104,1.460654854774475
09-23 00Z,84,Z500,m,1.4057989120483398,14.765729604704921,10.503443613560846,,
09-23 00Z,84,T2m,K,0.22679120302200317,1.168021681928592,5.150207178958661,,
09-23 00Z,90,MSLP,hPa,0.2353702187538147,1.7460149644498966,7.4181643442161205,1.6958767175674438,1.6850656270980835
09-23 00Z,90,10 m wind,m/s,0.5156358480453491,1.8312100982676356,3.5513630505119274,1.624179720878601,1.635886788368225
09-23 00Z,90,Z500,m,1.7584048509597778,16.30366203772126,9.271847736783908,,
09-23 00Z,90,T2m,K,0.32875218987464905,1.4236175358002399,4.330366700653935,,
09-23 00Z,96,MSLP,hPa,0.26936209201812744,1.791784924646181,6.651956521504882,1.729271411895752,1.7164281606674194
09-23 00Z,96,10 m wind,m/s,0.5697882771492004,1.9123854342617996,3.356308844804536,1.6382765769958496,1.6408541202545166
09-23 00Z,96,Z500,m,2.079942464828491,17.8136305425128,8.564482356477916,,
09-23 00Z,96,T2m,K,0.3374845087528229,1.309020086111725,3.878756067794699,,
09-23 00Z,102,MSLP,hPa,0.31479617953300476,1.8301060194240442,5.813622078066443,1.7094084024429321,1.714084506034851
09-23 00Z,102,10 m wind,m/s,0.627147912979126,1.8904748050075322,3.0144002170512763,1.5373307466506958,1.5338798761367798
09-23 00Z,102,Z500,m,2.2776613235473633,20.35548067657135,8.937009407908166,,
09-23 00Z,102,T2m,K,0.3559275269508362,1.2402881013782203,3.4846647349912323,,
09-23 00Z,108,MSLP,hPa,0.33016592264175415,1.7608552069853705,5.333243336853945,1.8202755451202393,1.831860899925232
09-23 00Z,108,10 m wind,m/s,0.680063009262085,1.894498143166382,2.785768549920165,1.66312837600708,1.6772042512893677
09-23 00Z,108,Z500,m,2.4577832221984863,20.49932213856763,8.340573714320906,,
09-23 00Z,108,T2m,K,0.385270893573761,1.2816338225926192,3.326578373736524,,
09-23 00Z,114,MSLP,hPa,0.32751354575157166,1.6620216901642941,5.074665496202056,1.6311485767364502,1.6484817266464233
09-23 00Z,114,10 m wind,m/s,0.7300956845283508,1.9746017690966111,2.7045794283419493,1.762650728225708,1.7718369960784912
09-23 00Z,114,Z500,m,2.5687544345855713,19.759653713745934,7.692309333933607,,
09-23 00Z,114,T2m,K,0.4945594072341919,1.4824695405995179,2.997556044662425,,
09-23 00Z,120,MSLP,hPa,0.3053835928440094,1.6803179742776613,5.502319095236958,1.6368470191955566,1.6452513933181763
09-23 00Z,120,10 m wind,m/s,0.7427483797073364,1.9049844476632867,2.56477765513794,1.710508108139038,1.7189849615097046
09-23 00Z,120,Z500,m,2.655733823776245,21.068795519956158,7.93332348721529,,
09-23 00Z,120,T2m,K,0.46803590655326843,1.3745371092408187,2.9368197824035516,,
09-23 00Z,126,MSLP,hPa,0.2989208698272705,1.8255971495703487,6.107292376826209,1.9793648719787598,1.9753094911575317
09-23 00Z,126,10 m wind,m/s,0.7577751874923706,1.951771495607836,2.575660338083433,1.697763204574585,1.7020338773727417
09-23 00Z,126,Z500,m,2.732452630996704,24.261797604768613,8.879128344090908,,
09-23 00Z,126,T2m,K,0.4849586486816406,1.393704653006603,2.873862868092748,,
09-24 00Z,6,MSLP,hPa,0.0016506750835105777,0.29816830125880495,180.63415643536263,0.21242891252040863,0.21243470907211304
09-24 00Z,6,10 m wind,m/s,0.006068054586648941,0.8748686870551894,144.17613990818302,0.6281745433807373,0.62824547290802
09-24 00Z,6,Z500,m,0.011966342106461525,2.2643106078034005,189.2232887592884,,
09-24 00Z,6,T2m,K,0.0034173743333667517,0.6182529215964263,180.91460322619434,,
09-24 00Z,12,MSLP,hPa,0.0034733519423753023,0.3815048433509106,109.83765817005373,0.2787286639213562,0.27875062823295593
09-24 00Z,12,10 m wind,m/s,0.012517171911895275,1.046661517515413,83.61805085705927,0.8271111845970154,0.8274105787277222
09-24 00Z,12,Z500,m,0.03269171342253685,3.033762524593809,92.79912880009553,,
09-24 00Z,12,T2m,K,0.007424151990562677,0.6977418357411239,93.98269817590871,,
09-24 00Z,18,MSLP,hPa,0.0060050999745726585,0.5396548232418549,89.866084749115,0.3270401060581207,0.32710370421409607
09-24 00Z,18,10 m wind,m/s,0.022426914423704147,1.1270262010253185,50.253288514540685,0.899118185043335,0.8994049429893494
09-24 00Z,18,Z500,m,0.05254609137773514,3.8310972790724787,72.90927219556798,,
09-24 00Z,18,T2m,K,0.015060839243233204,0.9261453015968162,61.49360514640184,,
09-24 00Z,24,MSLP,hPa,0.009236677549779415,0.5677211261616839,61.46378100805759,0.399274080991745,0.3997626006603241
09-24 00Z,24,10 m wind,m/s,0.03699987381696701,1.230503457615325,33.25696362378009,0.9293120503425598,0.9288952350616455
09-24 00Z,24,Z500,m,0.0722547173500061,3.9430409945913536,54.5713987848161,,
09-24 00Z,24,T2m,K,0.02139180339872837,0.8886571128392253,41.541944654000105,,
09-24 00Z,30,MSLP,hPa,0.014073200523853302,0.6666178632555265,47.36789347424176,0.5118122100830078,0.5121265053749084
09-24 00Z,30,10 m wind,m/s,0.05214181914925575,1.2077428107202899,23.162651983106514,1.009381890296936,1.009831428527832
09-24 00Z,30,Z500,m,0.09902673959732056,4.6450008026377505,46.90653071610806,,
09-24 00Z,30,T2m,K,0.02587125450372696,0.8796934053916254,34.00273478291896,,
09-24 00Z,36,MSLP,hPa,0.020717976614832878,0.8057383303095597,38.89078288333898,0.5847850441932678,0.5862881541252136
09-24 00Z,36,10 m wind,m/s,0.0747571587562561,1.2447358583015748,16.650390129994182,1.0459942817687988,1.0469226837158203
09-24 00Z,36,Z500,m,0.14471374452114105,6.362065434020302,43.963104230855386,,
09-24 00Z,36,T2m,K,0.03273952752351761,0.8691056955772037,26.546067134075276,,
09-24 00Z,42,MSLP,hPa,0.030355360358953476,0.9036720962086254,29.769770001827123,0.6274389624595642,0.6310529112815857
09-24 00Z,42,10 m wind,m/s,0.09829620271921158,1.309052033422896,13.317422211743764,1.023242473602295,1.0239876508712769
09-24 00Z,42,Z500,m,0.20870614051818848,6.7085752432904355,32.143640942398584,,
09-24 00Z,42,T2m,K,0.050178978592157364,1.0039825228952204,20.008030276091272,,
09-24 00Z,48,MSLP,hPa,0.04286186769604683,1.0189306613628821,23.77242794431141,0.683817446231842,0.6876435279846191
09-24 00Z,48,10 m wind,m/s,0.12363892048597336,1.3822784737879057,11.179962331883374,1.0869264602661133,1.0880411863327026
09-24 00Z,48,Z500,m,0.3037125766277313,7.752272151481592,25.525028425094693,,
09-24 00Z,48,T2m,K,0.060143083333969116,1.008775041039394,16.772918598764836,,
09-24 00Z,54,MSLP,hPa,0.05368044227361679,1.1757046309436427,21.901917740373865,0.824449360370636,0.8287933468818665
09-24 00Z,54,10 m wind,m/s,0.166850283741951,1.4058499417545933,8.425816907383071,1.2118558883666992,1.2112518548965454
09-24 00Z,54,Z500,m,0.3859628438949585,9.058010515380865,23.468607558104846,,
09-24 00Z,54,T2m,K,0.07734546810388565,1.0293857771918886,13.3089346076396,,
09-24 00Z,60,MSLP,hPa,0.07305692136287689,1.2319889654379401,16.86341201429222,1.1018891334533691,1.105908989906311
09-24 00Z,60,10 m wind,m/s,0.21787333488464355,1.461702608226442,6.708955958288164,1.2401790618896484,1.2398823499679565
09-24 00Z,60,Z500,m,0.5032040476799011,9.701253019955825,19.27896459634005,,
09-24 00Z,60,T2m,K,0.09654858708381653,1.0163195798039353,10.52650909248045,,
09-24 00Z,66,MSLP,hPa,0.0974133312702179,1.268146831069133,13.018206179104796,1.0205776691436768,1.0227028131484985
09-24 00Z,66,10 m wind,m/s,0.2682848274707794,1.5172873893291554,5.655509495759363,1.3925201892852783,1.3907603025436401
09-24 00Z,66,Z500,m,0.624956488609314,10.868047048480992,17.39008594448734,,
09-24 00Z,66,T2m,K,0.15343688428401947,1.2613731581638563,8.220794915445431,,
09-24 00Z,72,MSLP,hPa,0.10993761569261551,1.2818711936434326,11.659987217000701,1.1118083000183105,1.1142327785491943
09-24 00Z,72,10 m wind,m/s,0.3203822076320648,1.6484052235221824,5.145120996903965,1.4189434051513672,1.4146544933319092
09-24 00Z,72,Z500,m,0.7092117071151733,12.122491011868565,17.092908774981513,,
09-24 00Z,72,T2m,K,0.17986640334129333,1.1805897878608436,6.56370375973269,,
09-24 00Z,78,MSLP,hPa,0.13128195703029633,1.311399275710165,9.989181342014344,1.2478954792022705,1.2514581680297852
09-24 00Z,78,10 m wind,m/s,0.35066476464271545,1.6334752924930775,4.658224769624029,1.2935576438903809,1.291008472442627
09-24 00Z,78,Z500,m,0.8542662858963013,14.236483872933498,16.66515945668685,,
09-24 00Z,78,T2m,K,0.1985090970993042,1.0862370710923543,5.471976282018773,,
09-24 00Z,84,MSLP,hPa,0.13784657418727875,1.2947918158166292,9.392992342758706,1.229718565940857,1.2349493503570557
09-24 00Z,84,10 m wind,m/s,0.4150393009185791,1.6476821521891296,3.969942481452777,1.373538613319397,1.3711622953414917
09-24 00Z,84,Z500,m,0.9653352499008179,15.024303554892349,15.56381946731563,,
09-24 00Z,84,T2m,K,0.22267094254493713,1.0778334952614643,4.840476637601456,,
09-24 00Z,90,MSLP,hPa,0.1549779176712036,1.328546046677246,8.57248611054285,1.1620979309082031,1.1629246473312378
09-24 00Z,90,10 m wind,m/s,0.4646588861942291,1.7131458174080085,3.686889174636181,1.4272164106369019,1.4357560873031616
09-24 00Z,90,Z500,m,1.1520378589630127,16.164719051046305,14.031413052342483,,
09-24 00Z,90,T2m,K,0.3342103660106659,1.2621973819333352,3.7766553952221034,,
09-24 00Z,96,MSLP,hPa,0.17331744730472565,1.3729970633962305,7.921862944255322,1.069177269935608,1.069549560546875
09-24 00Z,96,10 m wind,m/s,0.523705244064331,1.7105133252500182,3.26617566777678,1.4087940454483032,1.4152066707611084
09-24 00Z,96,Z500,m,1.3003548383712769,17.590517939138074,13.527475286030839,,
09-24 00Z,96,T2m,K,0.32649707794189453,1.1915618769336846,3.649533050785044,,
09-24 00Z,102,MSLP,hPa,0.17585396766662598,1.5225215221520263,8.657874157484674,1.2553192377090454,1.2627699375152588
09-24 00Z,102,10 m wind,m/s,0.5311115384101868,1.6834838769504057,3.169736967096771,1.3923941850662231,1.405937671661377
09-24 00Z,102,Z500,m,1.463908314704895,19.330915740205832,13.20500440227549,,
09-24 00Z,102,T2m,K,0.33754780888557434,1.1635553803918925,3.4470831975873595,,
09-25 00Z,6,MSLP,hPa,0.0017015236662700772,0.30933877554758676,181.80104201882224,0.2450914829969406,0.24510730803012848
09-25 00Z,6,10 m wind,m/s,0.005800396203994751,0.8502161524241972,146.57897883573034,0.6425929069519043,0.6425992846488953
09-25 00Z,6,Z500,m,0.012978589162230492,2.4436636556558113,188.28422913387337,,
09-25 00Z,6,T2m,K,0.00321733090095222,0.6090247426744205,189.2950279047051,,
09-25 00Z,12,MSLP,hPa,0.0037340421695262194,0.4028741384829041,107.89223050847906,0.35160788893699646,0.3517642319202423
09-25 00Z,12,10 m wind,m/s,0.011876188218593597,0.9788420120521691,82.42055397199537,0.7852582335472107,0.7850819230079651
09-25 00Z,12,Z500,m,0.03265076503157616,3.2868233298212237,100.66604340334987,,
09-25 00Z,12,T2m,K,0.006674916949123144,0.6687237305413734,100.18457692259689,,
09-25 00Z,18,MSLP,hPa,0.0055413804948329926,0.48917861950029845,88.27739224123454,0.32929205894470215,0.32948192954063416
09-25 00Z,18,10 m wind,m/s,0.01844962313771248,1.041446182186978,56.44810056082827,0.8478198051452637,0.8478567600250244
09-25 00Z,18,Z500,m,0.05262010172009468,3.5287273584856225,67.06044350229875,,
09-25 00Z,18,T2m,K,0.011821451596915722,0.814854693642466,68.93017215035299,,
09-25 00Z,24,MSLP,hPa,0.007951472885906696,0.5801237635666817,72.95802575078906,0.45389294624328613,0.4545516073703766
09-25 00Z,24,10 m wind,m/s,0.026846297085285187,1.1365443081182307,42.3352354519382,0.9280794262886047,0.9283824563026428
09-25 00Z,24,Z500,m,0.07062368094921112,4.576990287657056,64.80815253666245,,
09-25 00Z,24,T2m,K,0.016126161441206932,0.8507891809765513,52.75831970790909,,
09-25 00Z,30,MSLP,hPa,0.010814406909048557,0.680382981832336,62.91449799831839,0.5918033719062805,0.5925353765487671
09-25 00Z,30,10 m wind,m/s,0.038886621594429016,1.1926958800397187,30.671110812325928,1.0051696300506592,1.005656123161316
09-25 00Z,30,Z500,m,0.08985242992639542,5.06542775482629,56.374966809197545,,
09-25 00Z,30,T2m,K,0.021683471277356148,0.8741249637663661,40.31296246737057,,
09-25 00Z,36,MSLP,hPa,0.016367120668292046,0.8186325685555885,50.01689577211476,0.648422360420227,0.6491925120353699
09-25 00Z,36,10 m wind,m/s,0.052935708314180374,1.2371287736138437,23.370401814051906,1.0563483238220215,1.0560457706451416
09-25 00Z,36,Z500,m,0.12324083596467972,6.026954155636243,48.90387271767243,,
09-25 00Z,36,T2m,K,0.026922352612018585,0.8593488687343258,31.919530997848167,,
09-25 00Z,42,MSLP,hPa,0.023552846163511276,0.8498601801416742,36.0831202412514,0.6374110579490662,0.6386430263519287
09-25 00Z,42,10 m wind,m/s,0.08714854717254639,1.3372646280539064,15.344657730280245,1.1764936447143555,1.1765557527542114
09-25 00Z,42,Z500,m,0.15524694323539734,6.975552937896147,44.931982508146895,,
09-25 00Z,42,T2m,K,0.050016921013593674,1.010688845136577,20.20693846512244,,
09-25 00Z,48,MSLP,hPa,0.033031776547431946,0.9752305328969677,29.524010962492024,0.6650394797325134,0.6663051247596741
09-25 00Z,48,10 m wind,m/s,0.11663024127483368,1.436234447783067,12.314425761999825,1.200372576713562,1.199535608291626
09-25 00Z,48,Z500,m,0.21325673162937164,9.085991976694642,42.605885906971466,,
09-25 00Z,48,T2m,K,0.06766288727521896,0.9849756429159596,14.557103348391989,,
09-25 00Z,54,MSLP,hPa,0.042938802391290665,1.0597935482807403,24.681488287053384,0.7326191663742065,0.7332967519760132
09-25 00Z,54,10 m wind,m/s,0.15071479976177216,1.4389362293600094,9.547411612094292,1.1159693002700806,1.1127345561981201
09-25 00Z,54,Z500,m,0.2791880667209625,10.958850916311166,39.252576390609505,,
09-25 00Z,54,T2m,K,0.07996480166912079,0.9406211424800649,11.762939729059507,,
09-25 00Z,60,MSLP,hPa,0.052006397396326065,1.107150253029763,21.288731934121174,0.6981213092803955,0.6952836513519287
09-25 00Z,60,10 m wind,m/s,0.17735706269741058,1.495411826252849,8.43164519929029,1.141867995262146,1.1396268606185913
09-25 00Z,60,Z500,m,0.35922297835350037,12.06121556327991,33.5758464521466,,
09-25 00Z,60,T2m,K,0.09589861333370209,0.9404294586130374,9.806496944232018,,
09-25 00Z,66,MSLP,hPa,0.06531365215778351,1.109309520372673,16.984343758527295,0.7243757247924805,0.7228401303291321
09-25 00Z,66,10 m wind,m/s,0.21546408534049988,1.5351433231692808,7.124822314323428,1.1952940225601196,1.1960453987121582
09-25 00Z,66,Z500,m,0.44464150071144104,12.51932550695986,28.155998679674582,,
09-25 00Z,66,T2m,K,0.154575377702713,1.15598993679049,7.4784868972712255,,
09-25 00Z,72,MSLP,hPa,0.06993045657873154,1.105757636861266,15.812246780004125,0.6518757343292236,0.6452778577804565
09-25 00Z,72,10 m wind,m/s,0.263202965259552,1.5516613474502763,5.895303443561658,1.144892692565918,1.1424959897994995
09-25 00Z,72,Z500,m,0.5069760084152222,12.067639417342548,23.80317651532524,,
09-25 00Z,72,T2m,K,0.1731492578983307,1.0835008133933302,6.257611649883809,,
09-25 00Z,78,MSLP,hPa,0.0810328796505928,1.1434831966696704,14.111348400800725,0.7227438688278198,0.7274521589279175
09-25 00Z,78,10 m wind,m/s,0.29256170988082886,1.5898935966714787,5.43438714970288,1.1638059616088867,1.1620557308197021
09-25 00Z,78,Z500,m,0.5877603888511658,12.22372841634131,20.7971286398421,,
09-25 00Z,78,T2m,K,0.18086901307106018,1.0641581073251345,5.883584419775906,,
