init,valid,lead_h,track_err_old_km,track_err_new_km
09-22 00Z,09-24 00Z,48,172.90444155684264,183.95543221385782
09-22 00Z,09-24 06Z,54,159.58643912468122,164.22393363225555
09-22 00Z,09-24 12Z,60,102.77035835877706,87.63387205238703
09-22 00Z,09-24 18Z,66,93.8642316845977,77.29801576471897
09-22 00Z,09-25 00Z,72,126.65905429618984,81.1752883009813
09-22 00Z,09-25 06Z,78,93.00759586042912,95.2605989610254
09-22 00Z,09-25 12Z,84,243.0466164085324,261.7823803150072
09-22 00Z,09-25 18Z,90,133.57039642406514,189.26442334050438
09-22 00Z,09-26 00Z,96,230.5675627436477,264.6344422719651
09-22 00Z,09-26 06Z,102,292.5265042168877,315.80140528230584
09-22 00Z,09-26 12Z,108,357.9684132479972,370.15631699942
09-22 00Z,09-26 18Z,114,301.521935215729,306.26126323232995
09-22 00Z,09-27 00Z,120,202.65729920645356,196.10122676836704
09-22 00Z,09-27 06Z,126,167.82219854884568,165.23369147650862
09-22 00Z,09-27 12Z,132,151.14560896116663,182.57898851374893
09-22 00Z,09-27 18Z,138,302.236230803865,347.4477397514538
09-22 00Z,09-28 00Z,144,299.86530145106684,377.5143876534041
09-22 00Z,09-28 06Z,150,351.85808536408035,361.22728045745816
09-23 00Z,09-24 00Z,24,202.75110461863454,200.58785628182417
09-23 00Z,09-24 06Z,30,112.36424587982738,112.36424587982738
09-23 00Z,09-24 12Z,36,78.51546349176571,78.51546349176571
09-23 00Z,09-24 18Z,42,106.53970389591527,100.73157050524397
09-23 00Z,09-25 00Z,48,118.66179928030435,119.16498580552799
09-23 00Z,09-25 06Z,54,90.04308225222307,90.04308225222307
09-23 00Z,09-25 12Z,60,117.04618134124779,132.91230004600914
09-23 00Z,09-25 18Z,66,67.7476533498516,78.05151131681204
09-23 00Z,09-26 00Z,72,78.21103643972661,86.9966877209324
09-23 00Z,09-26 06Z,78,115.05984627488279,109.57151777530204
09-23 00Z,09-26 12Z,84,184.71997408963466,177.26608567630464
09-23 00Z,09-26 18Z,90,156.74095266644866,149.80892732276936
09-23 00Z,09-27 00Z,96,100.80585644386716,90.34587789875208
09-23 00Z,09-27 06Z,102,146.06710575658556,150.4300680942569
09-23 00Z,09-27 12Z,108,223.2315076533123,235.83065558847338
09-23 00Z,09-27 18Z,114,396.8632943393818,419.8907084760889
09-23 00Z,09-28 00Z,120,427.14980224405696,418.87502507437193
09-23 00Z,09-28 06Z,126,399.39558985809083,422.28565142821105
09-24 00Z,09-24 06Z,6,55.62589030077386,55.62589030077386
09-24 00Z,09-24 12Z,12,58.045970248879875,52.63673384937438
09-24 00Z,09-24 18Z,18,77.31098027991514,79.8919734360138
09-24 00Z,09-25 00Z,24,155.53477229669687,152.7480276098318
09-24 00Z,09-25 06Z,30,118.47990506146229,116.12205020271942
09-24 00Z,09-25 12Z,36,57.44504092626684,60.009846580161174
09-24 00Z,09-25 18Z,42,25.211653846746863,25.211653846746863
09-24 00Z,09-26 00Z,48,89.9572370071145,89.9572370071145
09-24 00Z,09-26 06Z,54,86.33705349934847,88.3533970292945
09-24 00Z,09-26 12Z,60,131.6531623937889,133.45992159931905
09-24 00Z,09-26 18Z,66,87.25177414214086,90.34587789870221
09-24 00Z,09-27 00Z,72,62.77639555895371,69.70303843621012
09-24 00Z,09-27 06Z,78,130.27967987124794,129.73460269824457
09-24 00Z,09-27 12Z,84,120.45681848836915,119.69713248238563
09-24 00Z,09-27 18Z,90,167.52540619124895,180.4506286489008
09-24 00Z,09-28 00Z,96,123.50727150398306,141.38344756080642
09-24 00Z,09-28 06Z,102,119.09597915587887,124.79633485451622
09-25 00Z,09-25 06Z,6,96.65519374326358,96.65519374326358
09-25 00Z,09-25 12Z,12,40.298734267923834,47.516969989133926
09-25 00Z,09-25 18Z,18,61.90778478552242,61.90778478552242
09-25 00Z,09-26 00Z,24,46.35193394012123,46.35193394012123
09-25 00Z,09-26 06Z,30,71.74253143095552,71.50471184031124
09-25 00Z,09-26 12Z,36,74.41008924169614,76.26377171010722
09-25 00Z,09-26 18Z,42,56.19283626383991,56.19283626383991
09-25 00Z,09-27 00Z,48,33.01599915338073,33.01599915338073
09-25 00Z,09-27 06Z,54,48.831476558865226,49.25735831770132
09-25 00Z,09-27 12Z,60,27.99045060046093,29.836812927043834
09-25 00Z,09-27 18Z,66,81.73902029074526,79.90326521000382
09-25 00Z,09-28 00Z,72,36.95325652048801,36.95325652048801
09-25 00Z,09-28 06Z,78,62.22121222482545,64.81083287441929
